,Product Link,Room Count,Interior Area,Total Area,Apartment Floor,Floor Count,Bathroom Count,Building Material,Product Type,Latitude,Longitude,Facilities,Additional Info,Image Link,Price
0,https://www.estate.am/en/3-rooms-apartment-sale-in-downtown-yerevan-d111289,3,78,,3.0,,2,concrete,apartment,40.184851417146,44.519688661377,"['Persistent water', 'Electricity', 'Natural gas']",['Elevator'],https://pic.estate.am/image/cc/14/cc14248d3b9a12dd57daa66691aa136a_d2.jpg,125000
1,https://www.estate.am/en/2-rooms-apartment-sale-in-davtashen-yerevan-d111108,2,64,,9.0,,1,concrete,apartment,40.223841635054,44.500218030579,"['Persistent water', 'Electricity', 'Natural gas']",['Elevator'],https://pic.estate.am/image/1b/03/1b03be79ea4ab2468a260bd15b977ec0_d2.jpg,62000
2,https://www.estate.am/en/3-rooms-apartment-sale-in-erebouni-yerevan-d111226,3,95,,4.0,,1,stone,apartment,40.150104525233,44.509818813491,"['Persistent water', 'Electricity', 'Natural gas']",['Playground'],https://pic.estate.am/image/b6/a7/b6a79f6fcb3a6c552d4e1d9dd347dcaa_d2.jpg,53000
3,https://www.estate.am/en/3-rooms-apartment-sale-in-downtown-yerevan-d89823,3,130,,5.0,,2,concrete,apartment,40.181201999731,44.514400535627,"['Persistent water', 'Electricity', 'Natural gas', 'Internet', 'Cable TV']",['Elevator'],https://pic.estate.am/image/6f/0e/6f0e5268caade8e46e49108ab6f0ec81_d2.jpg,450000
4,https://www.estate.am/en/3-rooms-apartment-sale-in-downtown-yerevan-d110929,3,102,,9.0,,3,concrete,apartment,40.184198782536,44.507766388884,"['Persistent water', 'Electricity', 'Natural gas']",['Elevator'],https://pic.estate.am/image/5d/3c/5d3cda39e3e6d5520da5a25b1d71e817_d2.jpg,375000
5,https://www.estate.am/en/5-rooms-apartment-sale-in-downtown-yerevan-d109300,5,200,,4.0,,2,stone,apartment,40.189028473822,44.51936518518,"['Persistent water', 'Electricity', 'Natural gas']","['Elevator', 'Intercom']",https://pic.estate.am/image/0e/ef/0eef7f0f09620bc7106792bb5426a88d_d2.jpg,320000
6,https://www.estate.am/en/3-rooms-apartment-sale-in-nor-nork-yerevan-d111239,3,87,,4.0,,1,concrete,apartment,40.198582710171,44.555243857116,[],[],https://pic.estate.am/image/96/4f/964f74ff33b03bf3704f0a7fd526173f_d2.jpg,91770
7,https://www.estate.am/en/3-rooms-apartment-sale-in-downtown-yerevan-d111465,3,90,,11.0,,2,wall building,apartment,40.179255515127,44.508650390208,"['Persistent water', 'Electricity', 'Natural gas']",['Elevator'],https://pic.estate.am/image/54/6e/546ec8ac024eb9f695af56f68757f3ca_d2.jpg,140000
8,https://www.estate.am/en/3-rooms-apartment-sale-in-downtown-yerevan-d82027,3,135,,4.0,,1,concrete,apartment,40.17921776,44.52486353,"['Persistent water', 'Electricity', 'Natural gas', 'Internet', 'Cable TV']",['Elevator'],https://pic.estate.am/image/c8/39/c839a4bd50120bbe0526d07c21db5599_d2.jpg,167000
9,https://www.estate.am/en/3-rooms-apartment-sale-in-nor-nork-yerevan-d111238,3,88,,3.0,,1,concrete,apartment,40.198533346865,44.555222399444,[],[],https://pic.estate.am/image/5a/27/5a2714fc172f5e9a1d90d9adcb008198_d2.jpg,101200
10,https://www.estate.am/en/3-rooms-apartment-sale-in-davtashen-yerevan-d107603,3,97,,6.0,,1,wall building,apartment,40.223802066322,44.499097580356,"['Persistent water', 'Electricity', 'Natural gas']",['Elevator'],https://pic.estate.am/image/ff/da/ffdac92dda8eb75bd513c16a62148f1e_d2.jpg,100000
11,https://www.estate.am/en/2-rooms-apartment-sale-in-davtashen-yerevan-d108007,2,66,,1.0,,1,concrete,apartment,40.220563595683,44.503573839287,[],"['Gym', 'Playground']",https://pic.estate.am/image/34/fc/34fc79902ede37740a26267ead5691c5_d2.jpg,70000
12,https://www.estate.am/en/3-rooms-apartment-sale-in-arabkir-yerevan-d109367,3,155,,5.0,,3,concrete,apartment,40.193524495752,44.488580661375,"['Persistent water', 'Electricity', 'Natural gas']",['Elevator'],https://pic.estate.am/image/19/f5/19f54b76bb657b82951bc5876bb7bd8f_d2.jpg,290000
13,https://www.estate.am/en/4-rooms-apartment-sale-in-arabkir-yerevan-d111387,4,90,,1.0,,2,concrete,apartment,40.208160679284,44.504685972025,"['Persistent water', 'Electricity', 'Natural gas']",['Playground'],https://pic.estate.am/image/b4/51/b4519808566d3dbe614b59f8f4ab336b_d2.jpg,85500
14,https://www.estate.am/en/house-for-sale-in-malatia-sebastia-yerevan-d109968,3,400,320,,3.0,2,concrete,house,40.189838363114,44.423444560852,"['Persistent water', 'Electricity', 'Natural gas']",[],https://pic.estate.am/image/f6/30/f63039e3f8e224ad2.jpg,330000
15,https://www.estate.am/en/3-rooms-apartment-sale-in-downtown-yerevan-d110467,3,132,,2.0,,2,concrete,apartment,40.18009397333,44.512546944467,"['Persistent water', 'Electricity', 'Natural gas']","['Elevator', 'Intercom', 'Playground']",https://pic.estate.am/image/8a/ae/8aae9a00bd8340227897b0fcdf5af324_d2.jpg,345000
16,https://www.estate.am/en/3-rooms-apartment-sale-in-ajapnyak-yerevan-d108949,3,84,,4.0,,1,stone,apartment,40.208844098202,44.469027287032,"['Persistent water', 'Electricity', 'Natural gas']",[],https://pic.estate.am/image/c5/89/c589933428a2a64dc306ff9f1edd9c55_d2.jpg,88000
17,https://www.estate.am/en/2-rooms-apartment-sale-in-arabkir-yerevan-d102509,2,64,,4.0,,1,stone,apartment,40.204166567091,44.498075641839,"['Persistent water', 'Electricity', 'Natural gas']",[],https://pic.estate.am/image/25/2d/252db7c4f56656bfe763780165c1401c_d2.jpg,65000
18,https://www.estate.am/en/2-rooms-apartment-sale-in-downtown-yerevan-d110686,2,62,,6.0,,2,concrete,apartment,40.193203181221,44.540681554515,"['Persistent water', 'Electricity', 'Natural gas']","['Elevator', 'Playground']",https://pic.estate.am/image/1e/dd/1edda48da1e4b017649e1bb2fa91d74a_d2.jpg,32550000
19,https://www.estate.am/en/2-rooms-apartment-sale-in-nork-marash-yerevan-d107555,2,78,,9.0,,2,concrete,apartment,40.194490560661,44.546270638869,"['Persistent water', 'Electricity']",['Elevator'],https://pic.estate.am/image/10/f8/10f8d9bd0169c93e9568312316249bdc_d2.jpg,39000000
20,https://www.estate.am/en/3-rooms-apartment-sale-in-arabkir-yerevan-d110100,3,102,,6.0,,2,stone,apartment,40.200474,44.493879,"['Persistent water', 'Electricity', 'Natural gas']",['Playground'],https://pic.estate.am/image/73/d1/73d1856d03223f50a2cb1f3df7b6f6ef_d2.jpg,130000
21,https://www.estate.am/en/house-for-sale-in-davtashen-yerevan-d111456,10,1300,1000,,4.0,5,concrete,house,40.216943792343,44.482602253967,"['Persistent water', 'Electricity', 'Natural gas']","['Elevator', 'Pool']",https://pic.estate.am/image/05/c1/05c1f4cf162e0b0b272798cb68db9873_d2.jpg,600000
22,https://www.estate.am/en/2-rooms-apartment-sale-in-arabkir-yerevan-d109003,2,65,,4.0,,1,concrete,apartment,40.194818107794,44.494337832016,"['Persistent water', 'Electricity', 'Natural gas', 'Internet', 'Cable TV']",['Elevator'],https://pic.estate.am/image/fb/72/fb72245d0ddec5cd2.jpg,115000
23,https://www.estate.am/en/3-rooms-apartment-sale-in-center-yerevan-d110664,3,108,,11.0,,1,concrete,apartment,40.167368,44.518296,"['Persistent water', 'Electricity', 'Natural gas']","['Elevator', 'Playground']",https://pic.estate.am/image/80/43/804332e8ce04179e4bee195f6a5263cc_d2.jpg,158000
24,https://www.estate.am/en/house-for-sale-in-avan-yerevan-d106421,4,380,180,,2.0,3,stone,house,40.224137,44.57338,"['Persistent water', 'Electricity', 'Natural gas', 'Internet', 'Cable TV']",[],https://pic.estate.am/image/24/9d/249d3fea52f3d39e60857981b202d408_d2.jpg,260000
25,https://www.estate.am/en/3-rooms-apartment-sale-in-davtashen-yerevan-d110965,3,72,,2.0,,2,wall building,apartment,40.220217211351,44.500112806975,"['Persistent water', 'Electricity', 'Natural gas']","['Elevator', 'Intercom']",https://pic.estate.am/image/35/4c/354cf1587669db75d9166934bfe49fda_d2.jpg,75000
26,https://www.estate.am/en/3-rooms-apartment-sale-in-davtashen-yerevan-d107768,3,142,,8.0,,1,concrete,apartment,40.21042895802,44.487807117721,"['Persistent water', 'Electricity', 'Natural gas']",['Elevator'],https://pic.estate.am/image/4c/06/4c0632ab4f19c0cb5ec0d49587d39908_d2.jpg,180000
27,https://www.estate.am/en/4-rooms-apartment-sale-in-nor-nork-yerevan-d108564,4,141,,13.0,,1,concrete,apartment,40.203208,44.564388,"['Persistent water', 'Electricity', 'Natural gas']",['Elevator'],https://pic.estate.am/image/e6/47/e647fac8349d369929234158daa9be6d_d2.jpg,249000
28,https://www.estate.am/en/2-rooms-apartment-sale-in-downtown-yerevan-d111380,2,42,,7.0,,1,concrete,apartment,40.18035,44.508468,"['Persistent water', 'Electricity', 'Natural gas']","['Elevator', 'Playground']",https://pic.estate.am/image/76/be/76beaefc364af84152dafd4344499ed5_d2.jpg,131000
29,https://www.estate.am/en/4-rooms-apartment-sale-in-center-yerevan-d102666,4,135,,5.0,,2,concrete,apartment,40.196568820992,44.512278017196,"['Persistent water', 'Electricity', 'Natural gas', 'Internet']",['Elevator'],https://pic.estate.am/image/e8/e6/e8e6c74ef19ee56f320bd2.jpg,200000
30,https://www.estate.am/en/3-rooms-apartment-sale-in-arabkir-yerevan-d78664,3,105,,3.0,,1,stone,apartment,40.20104327,44.50093822,"['Persistent water', 'Electricity', 'Natural gas', 'Internet', 'Cable TV']","['Intercom', 'Playground']",https://pic.estate.am/image/f2/55/f255f4c265879b7684284c06296b903f_d2.jpg,135000
31,https://www.estate.am/en/4-rooms-apartment-sale-in-center-yerevan-d110839,4,180,,3.0,,3,concrete,apartment,40.19613127419,44.51189523677,"['Persistent water', 'Electricity', 'Natural gas']",['Elevator'],https://pic.estate.am/image/e3/aa/e3aa5f7214088fa9b0a8f0eeff8590a3_d2.jpg,500000
32,https://www.estate.am/en/2-rooms-apartment-sale-in-arabkir-yerevan-d106611,2,54,,3.0,,1,stone,apartment,40.194626988194,44.488301711639,"['Persistent water', 'Electricity', 'Natural gas']",[],https://pic.estate.am/image/3f/df/3fdf05a2322f0d08bc4be754159f059d_d2.jpg,80000
33,https://www.estate.am/en/2-rooms-apartment-sale-in-arabkir-yerevan-d111074,2,59,,12.0,,1,concrete,apartment,40.203553476463,44.493227184485,"['Persistent water', 'Electricity']",['Elevator'],https://pic.estate.am/image/45/63/45634b6cf786130b3841bbfb8fcb4780_d2.jpg,93000
34,https://www.estate.am/en/2-rooms-apartment-sale-in-downtown-yerevan-d111094,2,64,,8.0,,1,wall building,apartment,40.185621,44.508854,"['Persistent water', 'Electricity', 'Natural gas']","['Elevator', 'Intercom', 'Playground']",https://pic.estate.am/image/5e/05/5e054abe4ae04f1ccb5721eb9024aeed_d2.jpg,119000
35,https://www.estate.am/en/3-rooms-apartment-sale-in-kanaker-zeytun-yerevan-d110201,3,76,,4.0,,1,wall building,apartment,40.205904931197,44.544407935195,"['Persistent water', 'Electricity', 'Natural gas']",[],https://pic.estate.am/image/4d/24/4d2.jpg,50000
36,https://www.estate.am/en/house-for-sale-in-argavand-d110652,3,1000,211,,1.0,1,stone,house,40.155743293799,44.439191798948,"['Persistent water', 'Electricity', 'Natural gas']",[],https://pic.estate.am/image/8c/0b/8c0b88b2c26b080937ce62a339a00657_d2.jpg,200000
37,https://www.estate.am/en/3-rooms-apartment-sale-in-nor-nork-yerevan-d109741,3,79,,1.0,,1,wall building,apartment,40.204510054994,44.565623260709,"['Persistent water', 'Electricity', 'Natural gas']",['Elevator'],https://pic.estate.am/image/f4/a7/f4a7ce8be0afa39c0fa71ea98ac178e9_d2.jpg,75000
38,https://www.estate.am/en/3-rooms-apartment-sale-in-arabkir-yerevan-d93704,3,110,,4.0,,2,concrete,apartment,40.191603251588,44.499708206677,"['Persistent water', 'Electricity', 'Natural gas', 'Internet']","['Intercom', 'Elevator']",https://pic.estate.am/image/ac/0d/ac0d7129c72a210155be0ced94994f7c_d2.jpg,185000
39,https://www.estate.am/en/3-rooms-apartment-sale-in-center-yerevan-d92923,3,104,,5.0,,1,concrete,apartment,40.17860627983,44.48932160346,"['Persistent water', 'Electricity', 'Natural gas']","['Elevator', 'Intercom']",https://pic.estate.am/image/c6/b9/c6b915db03455d9a7931228cc6170c11_d2.jpg,195000
40,https://www.estate.am/en/5-rooms-apartment-sale-in-center-yerevan-d111201,5,303,,16.0,,4,concrete,apartment,40.177768674291,44.501745534484,"['Persistent water', 'Electricity', 'Natural gas']","['Elevator', 'Playground']",https://pic.estate.am/image/f8/95/f895cbf40d368d401e6cc792ff0fd6a3_d2.jpg,600000
41,https://www.estate.am/en/2-rooms-apartment-sale-in-arabkir-yerevan-d76440,2,65,,2.0,,1,stone,apartment,40.2054231,44.49841695,"['Persistent water', 'Electricity', 'Natural gas', 'Internet', 'Cable TV']",['Intercom'],https://pic.estate.am/image/b7/04/b7045b41cb122651e2f70ec5d0ba5931_d2.jpg,77999
42,https://www.estate.am/en/2-rooms-apartment-sale-in-arabkir-yerevan-d67720,2,47,,3.0,,1,stone,apartment,40.2057999,44.5062259,"['Persistent water', 'Electricity']",[],https://pic.estate.am/image/40/2d/402d42fb93221864b6f14c6d0c8bcdef_d2.jpg,68000
43,https://www.estate.am/en/house-for-sale-in-erebouni-yerevan-d107290,3,525,340,,2.0,3,concrete,house,40.146908655629,44.526998429221,"['Persistent water', 'Electricity', 'Natural gas']",[],https://pic.estate.am/image/d1/cd/d1cd2.jpg,290000
44,https://www.estate.am/en/house-for-sale-in-avan-yerevan-d69749,5,1100,750,,2.0,4,concrete,house,40.22193197,44.53970687,"['Persistent water', 'Natural gas']",['Pool'],https://pic.estate.am/image/dc/54/dc54ec69a653601dfea2fed8ff622988_d2.jpg,1400000
45,https://www.estate.am/en/1-rooms-apartment-sale-in-downtown-yerevan-d103232,1,46,,3.0,,1,wall building,apartment,40.184398865884,44.512856223121,"['Persistent water', 'Electricity', 'Natural gas']","['Elevator', 'Intercom']",https://pic.estate.am/image/97/ce/97ce38052b243108fb152966c0bde3e8_d2.jpg,87000
46,https://www.estate.am/en/2-rooms-apartment-sale-in-arabkir-yerevan-d111399,2,60,,12.0,,1,concrete,apartment,40.204306213799,44.494461000625,[],['Elevator'],https://pic.estate.am/image/fc/d9/fcd9959ee636a699a68cf17c0bf29e5c_d2.jpg,95000
47,https://www.estate.am/en/2-rooms-apartment-sale-in-downtown-yerevan-d103128,2,58,,13.0,,1,concrete,apartment,40.18189789531,44.512234037047,"['Persistent water', 'Electricity', 'Natural gas']",['Elevator'],https://pic.estate.am/image/d2.jpg,165000
48,https://www.estate.am/en/3-rooms-apartment-sale-in-downtown-yerevan-d106133,3,98,,3.0,,1,stone,apartment,40.180730584341,44.519446423278,"['Persistent water', 'Electricity', 'Natural gas']",[],https://pic.estate.am/image/0a/3e/0a3ee3b317b913f7731f9f436e6050f2_d2.jpg,195000
49,https://www.estate.am/en/3-rooms-apartment-sale-in-arabkir-yerevan-d104241,3,101,,13.0,,1,concrete,apartment,40.205745433162,44.506834490737,"['Persistent water', 'Electricity', 'Natural gas', 'Internet', 'Cable TV']",['Elevator'],https://pic.estate.am/image/75/5f/755fdd418999cad819eed3a539279863_d2.jpg,200000
50,https://www.estate.am/en/3-rooms-apartment-sale-in-arabkir-yerevan-d110237,3,126,,7.0,,2,concrete,apartment,40.204014,44.507327,"['Persistent water', 'Electricity', 'Natural gas']",['Elevator'],https://pic.estate.am/image/a6/74/a674c863bcb9cbe392105fce71e789c5_d2.jpg,195000
51,https://www.estate.am/en/3-rooms-apartment-sale-in-arabkir-yerevan-d105890,3,67,,1.0,,2,stone,apartment,40.208782709665,44.520917153442,"['Persistent water', 'Electricity', 'Natural gas']",[],https://pic.estate.am/image/58/e2/58e225d2.jpg,85000
52,https://www.estate.am/en/3-rooms-apartment-sale-in-center-yerevan-d111251,3,83,,4.0,,2,wall building,apartment,40.164903480101,44.516619269831,"['Persistent water', 'Electricity', 'Natural gas']","['Elevator', 'Playground']",https://pic.estate.am/image/05/ce/05ce5036d6d52aaaf1452567c13ec4e0_d2.jpg,90000
53,https://www.estate.am/en/4-rooms-apartment-sale-in-arabkir-yerevan-d82134,4,103,,3.0,,1,wall building,apartment,40.19207378,44.50537996,"['Persistent water', 'Electricity', 'Natural gas', 'Internet']","['Elevator', 'Intercom']",https://pic.estate.am/image/a1/55/a155f98a65b1b12d6f8f7a0405fae590_d2.jpg,128000
54,https://www.estate.am/en/house-for-sale-in-zovuni-d110847,4,1800,300,,2.0,1,stone,house,40.23800834962,44.501563931213,"['Persistent water', 'Electricity', 'Natural gas']",[],https://pic.estate.am/image/b6/dc/b6dcad4d6abe472a9094928cd8f2454d_d2.jpg,160000
55,https://www.estate.am/en/3-rooms-apartment-sale-in-downtown-yerevan-d111485,3,144,,4.0,,2,stone,apartment,40.181942,44.514118,"['Persistent water', 'Electricity', 'Natural gas']",['Elevator'],https://pic.estate.am/image/d3/95/d3959bb87a1f844e44aabeb605fc20b4_d2.jpg,450000
56,https://www.estate.am/en/3-rooms-apartment-sale-in-arabkir-yerevan-d81313,3,75,,5.0,,1,stone,apartment,40.20700452,44.50890975,"['Persistent water', 'Electricity', 'Natural gas']",['Elevator'],https://pic.estate.am/image/15/6a/156a7d66537aaa4c59d37ef8380934dd_d2.jpg,110000
57,https://www.estate.am/en/6-rooms-apartment-sale-in-arabkir-yerevan-d110113,6,310,,7.0,,3,concrete,apartment,40.203649,44.516265,"['Persistent water', 'Electricity', 'Natural gas']","['Elevator', 'Playground']",https://pic.estate.am/image/c3/32/c3329354898183d08a9986415a26d2.jpg,560000
58,https://www.estate.am/en/2-rooms-apartment-sale-in-downtown-yerevan-d98605,2,62,,6.0,,1,concrete,apartment,40.179923435776,44.511450913661,"['Persistent water', 'Electricity', 'Natural gas', 'Internet', 'Cable TV']",['Elevator'],https://pic.estate.am/image/d4/5f/d45f3976f40a6666081e4e1b9d525246_d2.jpg,230000
59,https://www.estate.am/en/3-rooms-apartment-sale-in-downtown-yerevan-d106845,3,93,,4.0,,1,stone,apartment,40.178691150773,44.525431009292,"['Persistent water', 'Electricity', 'Natural gas']",[],https://pic.estate.am/image/33/df/33df10997a3bec76eb1d887dd59f29d6_d2.jpg,170000
60,https://www.estate.am/en/house-for-sale-in-vahakni-yerevan-d109790,4,800,450,,3.0,6,stone,house,40.221123509815,44.450155153042,"['Persistent water', 'Electricity', 'Natural gas', 'Internet', 'Cable TV']","['Gym', 'Playground', 'Pool']",https://pic.estate.am/image/1b/f8/1bf8a75a1e78629bb2c1421bbcf30bdd_d2.jpg,1000000
61,https://www.estate.am/en/2-rooms-apartment-sale-in-arabkir-yerevan-d110910,2,79,,5.0,,1,concrete,apartment,40.214163349114,44.521510440452,"['Persistent water', 'Electricity', 'Natural gas']","['Elevator', 'Playground']",https://pic.estate.am/image/4b/6e/4b6eef3e2f62b8bba00bae4d083e7d65_d2.jpg,140000
62,https://www.estate.am/en/house-for-sale-in-malatia-sebastia-yerevan-d111061,3,400,150,,2.0,2,concrete,house,40.182030062268,44.423867390213,"['Persistent water', 'Electricity', 'Natural gas']",[],https://pic.estate.am/image/22/60/22605cc1d2.jpg,105000
63,https://www.estate.am/en/house-for-sale-in-center-yerevan-d103520,10,830,1400,,5.0,4,concrete,house,40.176100014833,44.527680538791,"['Persistent water', 'Electricity', 'Natural gas']",[],https://pic.estate.am/image/7a/4c/7a4c0c12290bca7a227baa07df8aef37_d2.jpg,1500000
64,https://www.estate.am/en/2-rooms-apartment-sale-in-downtown-yerevan-d108853,2,105,,3.0,,2,stone,apartment,40.185869,44.525698,"['Persistent water', 'Electricity', 'Natural gas']",[],https://pic.estate.am/image/2d/81/2d8188a23e69d87c3516752c0c49aa46_d2.jpg,210000
65,https://www.estate.am/en/house-for-sale-in-ajapnyak-yerevan-d110186,4,308,144,,2.0,2,stone,house,40.192570294062,44.464028899474,"['Persistent water', 'Electricity', 'Natural gas']",['Pool'],https://pic.estate.am/image/76/94/7694f840cd35b25eb81c54098a23cfeb_d2.jpg,145000
66,https://www.estate.am/en/1-rooms-apartment-sale-in-malatia-sebastia-yerevan-d108792,1,48,,2.0,,1,wall building,apartment,40.179466397697,44.447429689634,"['Persistent water', 'Electricity', 'Natural gas']",[],https://pic.estate.am/image/33/13/3313497fc3e49601d36bfd2.jpg,45000
67,https://www.estate.am/en/3-rooms-apartment-sale-in-downtown-yerevan-d111425,3,95,,3.0,,1,wall building,apartment,40.185864441316,44.507131205031,"['Persistent water', 'Electricity', 'Natural gas']",[],https://pic.estate.am/image/3f/9d/3f9dbb117d612cb21f25d679159425b4_d2.jpg,144000
68,https://www.estate.am/en/house-for-sale-in-kamaris-d87870,4,1500,395,,2.0,3,wall building,house,40.235936008327,44.691156494227,"['Three-Phase wiring', 'Persistent water', 'Electricity', 'Natural gas']",['Pool'],https://pic.estate.am/image/43/27/432701a8050cfc30e91c65df8ab1f1d1_d2.jpg,220000
69,https://www.estate.am/en/3-rooms-apartment-sale-in-arabkir-yerevan-d111522,3,87,,2.0,,2,wall building,apartment,40.21370341498,44.521365724852,[],"['Elevator', 'Playground']",https://pic.estate.am/image/39/f9/39f9293867616c7e1ab0c682666a29b8_d2.jpg,145000
70,https://www.estate.am/en/4-rooms-apartment-sale-in-arabkir-yerevan-d110753,4,116,,16.0,,2,concrete,apartment,40.209929836115,44.512580559523,[],[],https://pic.estate.am/image/c3/74/c3749da632e75e2f9abff89c346eb589_d2.jpg,109000
71,https://www.estate.am/en/4-rooms-apartment-sale-in-arabkir-yerevan-d111417,4,132,,10.0,,2,concrete,apartment,40.210024056242,44.511096259216,"['Persistent water', 'Electricity', 'Natural gas']","['Elevator', 'Playground']",https://pic.estate.am/image/4a/22/4a22b6e67b989193283d04236db9f3b7_d2.jpg,160000
72,https://www.estate.am/en/house-for-sale-in-downtown-yerevan-d101070,4,700,182,,2.0,2,concrete,house,40.17938889,44.52863091,"['Persistent water', 'Electricity', 'Natural gas']",[],https://pic.estate.am/image/d9/90/d990ddbe308b41b966d3fec6ddb0990e_d2.jpg,220000
73,https://www.estate.am/en/4-rooms-apartment-sale-in-davtashen-yerevan-d97464,4,138,,12.0,,2,concrete,apartment,40.22307380403,44.500384126742,"['Persistent water', 'Electricity', 'Natural gas']","['Elevator', 'Intercom']",https://pic.estate.am/image/7b/ac/7bacc879122a47fc23377ec1199c6d14_d2.jpg,128000
74,https://www.estate.am/en/3-rooms-apartment-sale-in-downtown-yerevan-d110395,3,100,,3.0,,1,stone,apartment,40.18638695433,44.50708024306,"['Persistent water', 'Electricity', 'Natural gas']",['Intercom'],https://pic.estate.am/image/80/f9/80f9afef473ade5f6b09d68c3748a387_d2.jpg,140000
75,https://www.estate.am/en/2-rooms-apartment-sale-in-center-yerevan-d111039,2,56,,3.0,,1,stone,apartment,40.156613523919,44.500283005307,"['Persistent water', 'Electricity', 'Natural gas']","['Intercom', 'Playground']",https://pic.estate.am/image/d8/bc/d8bc8b730ceef133bfe1309978bbbaa1_d2.jpg,90000
76,https://www.estate.am/en/1-rooms-apartment-sale-in-downtown-yerevan-d111111,1,31,,4.0,,1,stone,apartment,40.190189,44.518305,"['Persistent water', 'Electricity', 'Natural gas']",[],https://pic.estate.am/image/f6/cb/f6cb0305d6564e9fdf17b1bfa5cb7a75_d2.jpg,83900
77,https://www.estate.am/en/house-for-sale-in-arabkir-yerevan-d90917,4,280,360,,2.0,3,stone,house,40.206837101414,44.49979858975,"['Persistent water', 'Electricity', 'Natural gas']",[],https://pic.estate.am/image/d1/2b/d12b51d7921b9cbb75ae5d9c68b75580_d2.jpg,325000
78,https://www.estate.am/en/3-rooms-apartment-sale-in-nor-nork-yerevan-d111237,3,73,,3.0,,1,concrete,apartment,40.198558029647,44.555179484099,[],[],https://pic.estate.am/image/e0/8b/e08b886b41a0aa0380b1d0fb7e8e1085_d2.jpg,84000
79,https://www.estate.am/en/2-rooms-apartment-sale-in-downtown-yerevan-d110688,2,70,,4.0,,2,concrete,apartment,40.19337792076,44.540672608516,"['Persistent water', 'Electricity']","['Elevator', 'Playground']",https://pic.estate.am/image/40/9d/409d9d92460d2.jpg,36750000
80,https://www.estate.am/en/2-rooms-apartment-sale-in-davtashen-yerevan-d107419,2,53,,14.0,,2,concrete,apartment,40.226256549699,44.507863486816,"['Persistent water', 'Electricity']","['Elevator', 'Playground']",https://pic.estate.am/image/0c/1e/0c1edb9d59c189e07a002336ff9760bb_d2.jpg,54000
81,https://www.estate.am/en/3-rooms-apartment-sale-in-center-yerevan-d110923,3,93,,3.0,,1,concrete,apartment,40.197233727511,44.511562642852,"['Persistent water', 'Electricity', 'Natural gas']",['Elevator'],https://pic.estate.am/image/7f/73/7f7362bc355d16d152eb92a5a672ec6c_d2.jpg,230000
82,https://www.estate.am/en/3-rooms-apartment-sale-in-arabkir-yerevan-d86559,3,100,,4.0,,1,stone,apartment,40.19254093,44.48402958,"['Persistent water', 'Electricity', 'Natural gas', 'Internet', 'Cable TV']",['Intercom'],https://pic.estate.am/image/47/db/47db94a2fd02ad60faa13a843c0f18f1_d2.jpg,155000
83,https://www.estate.am/en/3-rooms-apartment-sale-in-downtown-yerevan-d111035,3,84,,4.0,,2,wall building,apartment,40.18283044619,44.519422861097,"['Persistent water', 'Electricity', 'Natural gas']",['Elevator'],https://pic.estate.am/image/34/e0/34e0b654e2f2ba247394f8174bdf2e52_d2.jpg,160000
84,https://www.estate.am/en/house-for-sale-in-erebouni-yerevan-d109735,4,334,93,,1.0,1,stone,house,40.144580984927,44.53911613359,"['Persistent water', 'Electricity', 'Natural gas']",[],https://pic.estate.am/image/64/60/64608f7bb8da2c76279c2d68936704bd_d2.jpg,80000
85,https://www.estate.am/en/4-rooms-apartment-sale-in-center-yerevan-d104067,4,343,,13.0,,4,concrete,apartment,40.173163,44.526731,"['Persistent water', 'Electricity', 'Natural gas']",['Elevator'],https://pic.estate.am/image/ae/88/ae88601dc949bbe9db60309294117e20_d2.jpg,549000
86,https://www.estate.am/en/3-rooms-apartment-sale-in-arabkir-yerevan-d84859,3,118,,6.0,,2,concrete,apartment,40.205140960291,44.501815610929,"['Persistent water', 'Electricity', 'Natural gas', 'Internet', 'Cable TV', 'Cable TV']","['Elevator', 'Intercom']",https://pic.estate.am/image/97/25/9725c256686449075bc046991767c876_d2.jpg,285000
87,https://www.estate.am/en/3-rooms-apartment-sale-in-arabkir-yerevan-d93008,3,90,,3.0,,2,stone,apartment,40.19254093,44.48402958,"['Persistent water', 'Electricity', 'Natural gas', 'Internet']",['Intercom'],https://pic.estate.am/image/f0/5c/f05c4082340cccca041eb9ef8b3df12e_d2.jpg,180000
88,https://www.estate.am/en/3-rooms-apartment-sale-in-arabkir-yerevan-d110966,3,110,,5.0,,2,stone,apartment,40.193919418357,44.486874776442,"['Persistent water', 'Electricity', 'Natural gas']",['Intercom'],https://pic.estate.am/image/6f/85/6f85f8a8b711104b68ca31c6a0cce378_d2.jpg,180000
89,https://www.estate.am/en/3-rooms-apartment-sale-in-ajapnyak-yerevan-d76058,3,75,,9.0,,1,wall building,apartment,40.206652182246,44.472458526716,"['Persistent water', 'Electricity', 'Natural gas', 'Internet', 'Cable TV']",['Elevator'],https://pic.estate.am/image/5d/fc/5dfc22492afbd70dc3bda30fa85a60db_d2.jpg,75000
90,https://www.estate.am/en/2-rooms-apartment-sale-in-arabkir-yerevan-d109523,2,50,,4.0,,1,concrete,apartment,40.196308461964,44.493077063942,"['Persistent water', 'Electricity', 'Natural gas', 'Internet']","['Elevator', 'Intercom', 'Playground']",https://pic.estate.am/image/4f/6f/4f6fb4157bb9dedbdd5c2534ff5b3bf1_d2.jpg,112000
91,https://www.estate.am/en/house-for-sale-in-kamaris-d111228,15,5520,1060,,3.0,11,stone,house,40.233340514841,44.699841301635,"['Persistent water', 'Electricity', 'Natural gas']","['Pool', 'Playground']",https://pic.estate.am/image/da/48/da48d0a9bbc76516d85567163eb41e76_d2.jpg,480000
92,https://www.estate.am/en/house-for-sale-in-bjni-d101321,4,2470,377,,3.0,2,stone,house,40.450754162194,44.647321899475,"['Persistent water', 'Electricity', 'Natural gas']",[],https://pic.estate.am/image/c8/30/c8309d9c9c6bedec978cfccf139206c2_d2.jpg,118000
93,https://www.estate.am/en/3-rooms-apartment-sale-in-center-yerevan-d111530,3,122,,1.0,,2,stone,apartment,40.196205601619,44.511882235442,"['Persistent water', 'Electricity', 'Natural gas']","['Elevator', 'Playground', 'Pool']",https://pic.estate.am/image/13/1f/131ffdb294a844b8aba1358bee5aa67f_d2.jpg,350000
94,https://www.estate.am/en/3-rooms-apartment-sale-in-shengavit-yerevan-d110639,3,110,,4.0,,1,stone,apartment,40.148323,44.492182,"['Persistent water', 'Electricity', 'Natural gas']",[],https://pic.estate.am/image/43/2c/432c40b2b217b983fc456dd781ca5f14_d2.jpg,87000
95,https://www.estate.am/en/2-rooms-apartment-sale-in-avan-yerevan-d111196,2,64,,2.0,,1,wall building,apartment,40.216499435517,44.573719156096,"['Persistent water', 'Electricity', 'Natural gas']","['Elevator', 'Intercom', 'Playground']",https://pic.estate.am/image/db/cd/dbcd17c852596e86f8d56bb93208eb70_d2.jpg,65000
96,https://www.estate.am/en/4-rooms-apartment-sale-in-downtown-yerevan-d96744,4,140,,3.0,,2,stone,apartment,40.19409942627,44.506000518799,"['Persistent water', 'Electricity', 'Natural gas']",['Elevator'],https://pic.estate.am/image/e5/56/e556265a7c8985f12ec1066f363e2b10_d2.jpg,199000
97,https://www.estate.am/en/3-rooms-apartment-sale-in-arabkir-yerevan-d111426,3,94,,2.0,,1,stone,apartment,40.201698045379,44.498058302839,"['Persistent water', 'Electricity', 'Natural gas']","['Elevator', 'Playground']",https://pic.estate.am/image/27/15/271563c21dffe2005bfc6fc3e94972a3_d2.jpg,84000
98,https://www.estate.am/en/4-rooms-apartment-sale-in-downtown-yerevan-d97030,4,210,,12.0,,3,concrete,apartment,40.180692384193,44.510423720058,"['Persistent water', 'Electricity', 'Natural gas', 'Internet']",['Elevator'],https://pic.estate.am/image/a6/6e/a66e0ba609a4261ff1f4f4663a3f2e7d_d2.jpg,750000
99,https://www.estate.am/en/2-rooms-apartment-sale-in-avan-yerevan-d111435,2,50,,6.0,,1,wall building,apartment,40.221257593485,44.574576365454,"['Persistent water', 'Electricity', 'Natural gas']","['Elevator', 'Playground']",https://pic.estate.am/image/f0/6a/f06a1d1df7baa43ad430cc41c66322ba_d2.jpg,55000
100,https://www.estate.am/en/2-rooms-apartment-sale-in-arabkir-yerevan-d111083,2,79,,4.0,,1,wall building,apartment,40.196642526021,44.493133849779,"['Persistent water', 'Electricity', 'Natural gas']",[],https://pic.estate.am/image/72/b1/72b11ce045c1247dcfc88da3b9b3d81b_d2.jpg,85900
101,https://www.estate.am/en/2-rooms-apartment-sale-in-avan-yerevan-d111408,2,67,,7.0,,1,wall building,apartment,40.215901538661,44.576054305453,"['Persistent water', 'Electricity', 'Natural gas']",['Elevator'],https://pic.estate.am/image/da/6a/da6af3208e76e3cddce27d19250c13b5_d2.jpg,56000
102,https://www.estate.am/en/house-for-sale-in-nor-nork-yerevan-d110870,4,500,127,,2.0,2,concrete,house,40.206452,44.575752,"['Persistent water', 'Electricity', 'Natural gas', 'Internet', 'Cable TV']",[],https://pic.estate.am/image/1f/65/1f65843cc7ec1b59b6f001e9c260ad95_d2.jpg,97000
103,https://www.estate.am/en/3-rooms-apartment-sale-in-downtown-yerevan-d110624,3,111,,4.0,,1,stone,apartment,40.176187034956,44.515169606498,"['Persistent water', 'Electricity']",[],https://pic.estate.am/image/6b/f4/6bf4f90f2b06fc89282dcb854d48174c_d2.jpg,116000
104,https://www.estate.am/en/3-rooms-apartment-sale-in-arabkir-yerevan-d111386,3,65,,3.0,,1,stone,apartment,40.206259130638,44.510816813492,"['Persistent water', 'Electricity', 'Natural gas']",[],https://pic.estate.am/image/3f/ce/3fcee448fa5c3ea9dd97b14f067cf09c_d2.jpg,90000
105,https://www.estate.am/en/2-rooms-apartment-sale-in-arabkir-yerevan-d106035,2,71,,3.0,,1,stone,apartment,40.195630548867,44.495284981413,"['Persistent water', 'Electricity', 'Natural gas']",[],https://pic.estate.am/image/d3/fa/d3faeba63832cdaaf2675f2a80e34352_d2.jpg,135000
106,https://www.estate.am/en/3-rooms-apartment-sale-in-downtown-yerevan-d111252,3,102,,2.0,,2,stone,apartment,40.187382025174,44.519041613769,"['Persistent water', 'Electricity', 'Natural gas']",['Playground'],https://pic.estate.am/image/a7/83/a78378774567b389f8921dbaac857399_d2.jpg,330000
107,https://www.estate.am/en/3-rooms-apartment-sale-in-arabkir-yerevan-d111128,3,79,,7.0,,1,concrete,apartment,40.204751,44.51985,"['Persistent water', 'Electricity']","['Elevator', 'Playground']",https://pic.estate.am/image/53/73/5373640deb3f246e3c54b7f877432865_d2.jpg,90000
108,https://www.estate.am/en/2-rooms-apartment-sale-in-arabkir-yerevan-d104527,2,57,,3.0,,1,stone,apartment,40.20232,44.495371,"['Persistent water', 'Electricity', 'Natural gas']",[],https://pic.estate.am/image/99/17/991788895bc08e8b733544f7c732477c_d2.jpg,84000
109,https://www.estate.am/en/5-rooms-apartment-sale-in-downtown-yerevan-d105399,5,258,,5.0,,3,concrete,apartment,40.183485,44.514505,"['Persistent water', 'Electricity', 'Natural gas', 'Internet', 'Cable TV']","['Elevator', 'Intercom']",https://pic.estate.am/image/70/a9/70a93670b6a0694ba237bf2a0b51b3a3_d2.jpg,980000
110,https://www.estate.am/en/1-rooms-apartment-sale-in-downtown-yerevan-d111447,1,39,,3.0,,1,stone,apartment,40.178346581973,44.517827433837,"['Persistent water', 'Electricity', 'Natural gas']",[],https://pic.estate.am/image/20/1e/201ed857c97d2.jpg,99000
111,https://www.estate.am/en/2-rooms-apartment-sale-in-downtown-yerevan-d110631,2,80,,1.0,,1,stone,apartment,40.187542079434,44.518533407409,"['Persistent water', 'Electricity', 'Natural gas']",[],https://pic.estate.am/image/99/43/99435db81197ff8f02ab40fa4822c732_d2.jpg,185000
112,https://www.estate.am/en/3-rooms-apartment-sale-in-arabkir-yerevan-d100719,3,80,,2.0,,2,concrete,apartment,40.193516453627,44.516014077467,"['Persistent water', 'Electricity', 'Natural gas']",[],https://pic.estate.am/image/19/11/1911ec876f938c2864ffa1ac1ae375d1_d2.jpg,159000
113,https://www.estate.am/en/4-rooms-apartment-sale-in-downtown-yerevan-d110922,4,135,,3.0,,2,stone,apartment,40.18157835106,44.508786871023,"['Persistent water', 'Electricity', 'Natural gas']",[],https://pic.estate.am/image/94/fb/94fb797ac270dd8f32e16b6912057764_d2.jpg,400000
114,https://www.estate.am/en/house-for-sale-in-center-yerevan-d110683,5,470,640,,4.0,6,stone,house,40.173965996919,44.492143461654,"['Persistent water', 'Electricity', 'Natural gas']",[],https://pic.estate.am/image/fb/16/fb166680b16b3b09ec7b02e7a54dabe3_d2.jpg,870000
115,https://www.estate.am/en/house-for-sale-in-avan-yerevan-d109507,4,376,126,,2.0,2,concrete,house,40.221215278369,44.583327163649,"['Persistent water', 'Electricity', 'Natural gas']",[],https://pic.estate.am/image/9f/a2/9fa25e064d060d02c49d77b70adbd667_d2.jpg,250000
116,https://www.estate.am/en/3-rooms-apartment-sale-in-downtown-yerevan-d110968,3,91,,2.0,,1,stone,apartment,40.182893741314,44.520318473176,"['Persistent water', 'Electricity', 'Natural gas']",['Playground'],https://pic.estate.am/image/8d/be/8dbe1970a69c1213a2b135f60c6dca6c_d2.jpg,255000
117,https://www.estate.am/en/1-rooms-apartment-sale-in-downtown-yerevan-d92432,1,34,,2.0,,1,stone,apartment,40.184101104736,44.505100250244,"['Persistent water', 'Electricity', 'Natural gas']",[],https://pic.estate.am/image/39/d6/39d6c11a9551070a08a6c825fd2.jpg,97000
118,https://www.estate.am/en/3-rooms-apartment-sale-in-nor-nork-yerevan-d108561,3,68,,3.0,,1,stone,apartment,40.182596,44.571009,"['Persistent water', 'Electricity', 'Natural gas', 'Internet', 'Cable TV']","['Intercom', 'Playground']",https://pic.estate.am/image/99/25/9925631cdd2.jpg,77000
119,https://www.estate.am/en/4-rooms-apartment-sale-in-downtown-yerevan-d103049,4,106,,13.0,,2,concrete,apartment,40.183092,44.506465,"['Persistent water', 'Electricity', 'Natural gas']",['Elevator'],https://pic.estate.am/image/37/47/3747bef31ba0d821d3da2f5627333d33_d2.jpg,265000
120,https://www.estate.am/en/5-rooms-apartment-sale-in-downtown-yerevan-d58629,5,190,,5.0,,3,stone,apartment,40.187112660324,44.523085802794,"['Persistent water', 'Electricity', 'Natural gas', 'Internet', 'Cable TV']","['Elevator', 'Gym']",https://pic.estate.am/image/e2/3c/e23c149ff34c5191b27cf1e9c6b3749d_d2.jpg,350000
121,https://www.estate.am/en/house-for-sale-in-edjmiatsin-d95294,4,480,476,,2.0,5,stone,house,40.175358269548,44.294602985397,"['Persistent water', 'Electricity', 'Natural gas']",[],https://pic.estate.am/image/4e/df/4edfa12f64544ff0b6d1b03bf0f64112_d2.jpg,175000
122,https://www.estate.am/en/2-rooms-apartment-sale-in-tsaxkadzor-d72192,2,45,,5.0,,1,wall building,apartment,40.217874,44.5743842,"['Persistent water', 'Electricity', 'Natural gas']",['Elevator'],https://pic.estate.am/image/63/42/6342faa2e439bb6e1fb01197e2a49c59_d2.jpg,42000
123,https://www.estate.am/en/4-rooms-apartment-sale-in-downtown-yerevan-d110693,4,125,,7.0,,3,concrete,apartment,40.193173436099,44.54072081284,"['Persistent water', 'Electricity']","['Elevator', 'Playground']",https://pic.estate.am/image/49/83/49839db809093a83db80d40d6fea5ba9_d2.jpg,65625000
124,https://www.estate.am/en/3-rooms-apartment-sale-in-center-yerevan-d102701,3,120,,11.0,,2,concrete,apartment,40.171089,44.504219,"['Persistent water', 'Electricity', 'Natural gas', 'Cable TV']",['Elevator'],https://pic.estate.am/image/14/54/145482081f29e6903905f300e660fed6_d2.jpg,178000
125,https://www.estate.am/en/4-rooms-apartment-sale-in-center-yerevan-d110886,4,106,,7.0,,2,concrete,apartment,40.164906401668,44.513751001673,"['Persistent water', 'Electricity', 'Natural gas']",['Elevator'],https://pic.estate.am/image/e1/ad/e1ad8cbd4d35a9ad505adc34de9fa20f_d2.jpg,180000
126,https://www.estate.am/en/house-for-sale-in-erebouni-yerevan-d97542,6,800,645,,3.0,3,concrete,house,40.139391300419,44.515771795754,"['Persistent water', 'Electricity', 'Natural gas']",['Pool'],https://pic.estate.am/image/5d/1f/5d1fba99f16e276a5c683e9f86a207a1_d2.jpg,360000
127,https://www.estate.am/en/3-rooms-apartment-sale-in-ajapnyak-yerevan-d111468,3,98,,9.0,,1,wall building,apartment,40.212086,44.458279,"['Persistent water', 'Electricity', 'Natural gas']","['Elevator', 'Playground']",https://pic.estate.am/image/16/9a/169ae6ed7cc077ba7ce7311b4e54f750_d2.jpg,85000
128,https://www.estate.am/en/3-rooms-apartment-sale-in-arabkir-yerevan-d111100,3,83,,3.0,,2,wall building,apartment,40.206146559501,44.505606951064,"['Persistent water', 'Electricity', 'Natural gas']",[],https://pic.estate.am/image/ba/60/ba60df5d5659f3cd1b6227868e21269d_d2.jpg,83000
129,https://www.estate.am/en/house-for-sale-in-center-yerevan-d82757,6,1300,275,,2.0,3,stone,house,40.16457402,44.51299744,"['Persistent water', 'Electricity', 'Natural gas', 'Internet', 'Cable TV']",['Pool'],https://pic.estate.am/image/03/ab/03ab7b181f1413e288b62a2af5742cee_d2.jpg,650000
130,https://www.estate.am/en/3-rooms-apartment-sale-in-downtown-yerevan-d101921,3,87,,4.0,,1,concrete,apartment,40.180798,44.50456,"['Persistent water', 'Electricity', 'Natural gas']",['Intercom'],https://pic.estate.am/image/94/ad/94ad9b8618f12ff2f8cb3fa043e5d463_d2.jpg,280000
131,https://www.estate.am/en/house-for-sale-in-ajapnyak-yerevan-d111394,3,200,185,,2.0,2,concrete,house,40.202091133975,44.473290638869,[],[],https://pic.estate.am/image/57/9c/579c944b10bd6524e663808a6536ce7b_d2.jpg,225000
132,https://www.estate.am/en/3-rooms-apartment-sale-in-arabkir-yerevan-d108865,3,100,,2.0,,1,stone,apartment,40.194117760676,44.487615965606,"['Persistent water', 'Electricity', 'Natural gas', 'Internet', 'Cable TV']",[],https://pic.estate.am/image/1d/84/1d849764036cbcfa349fbcee9a2d40de_d2.jpg,150000
133,https://www.estate.am/en/4-rooms-apartment-sale-in-center-yerevan-d110829,4,151,,5.0,,3,concrete,apartment,40.173716940883,44.503623245396,"['Persistent water', 'Electricity']","['Elevator', 'Playground']",https://pic.estate.am/image/2e/43/2e43222b485313c6a131325273d41079_d2.jpg,200000
134,https://www.estate.am/en/3-rooms-apartment-sale-in-ajapnyak-yerevan-d107236,3,72,,1.0,,1,stone,apartment,40.204138161325,44.476325100524,"['Persistent water', 'Electricity', 'Natural gas']",[],https://pic.estate.am/image/73/8f/738f9a844d006dc8f950989a92309929_d2.jpg,61500
135,https://www.estate.am/en/2-rooms-apartment-sale-in-downtown-yerevan-d111015,2,43,,10.0,,1,wall building,apartment,40.1802529325,44.519255942466,"['Persistent water', 'Electricity', 'Natural gas']",['Elevator'],https://pic.estate.am/image/93/fa/93fad1524bf45e8d2.jpg,87000
136,https://www.estate.am/en/4-rooms-apartment-sale-in-center-yerevan-d101939,4,230,,2.0,,3,concrete,apartment,40.195491039633,44.509091552886,"['Three-Phase wiring', 'Persistent water', 'Electricity', 'Natural gas', 'Internet', 'Cable TV', 'Cable TV']",[],https://pic.estate.am/image/6c/e4/6ce4516a7fc958dd8a4edf0eb85b3e59_d2.jpg,935000
137,https://www.estate.am/en/house-for-sale-in-shengavit-yerevan-d108254,4,630,300,,3.0,2,concrete,house,40.145788381338,44.491874845915,"['Persistent water', 'Electricity', 'Natural gas']",['Elevator'],https://pic.estate.am/image/45/ed/45edfbdd714978ac92087ed0c10cb6a4_d2.jpg,420000
138,https://www.estate.am/en/house-for-sale-in-kanaker-zeytun-yerevan-d110147,3,450,380,,4.0,6,stone,house,40.201328,44.529534,"['Persistent water', 'Electricity', 'Natural gas']",[],https://pic.estate.am/image/6e/44/6e44c90aa65df28c7ed60a457b8b9295_d2.jpg,815000
139,https://www.estate.am/en/3-rooms-apartment-sale-in-downtown-yerevan-d110597,3,130,,9.0,,2,concrete,apartment,40.181597484244,44.509279523108,"['Persistent water', 'Electricity', 'Natural gas']","['Elevator', 'Playground']",https://pic.estate.am/image/2e/74/2e744139c9fffa3debca2185dfa791fa_d2.jpg,450000
140,https://www.estate.am/en/4-rooms-apartment-sale-in-center-yerevan-d102374,4,130,,1.0,,2,concrete,apartment,40.192083,44.514675,"['Persistent water', 'Electricity', 'Natural gas']","['Elevator', 'Intercom']",https://pic.estate.am/image/5b/12/5b12f358d18bd6fc8b7567916ff2d16a_d2.jpg,169000
141,https://www.estate.am/en/house-for-sale-in-arabkir-yerevan-d92015,5,680,907,,4.0,8,stone,house,40.196012206406,44.491194063885,"['Persistent water', 'Electricity', 'Natural gas']","['Intercom', 'Pool']",https://pic.estate.am/image/b8/2c/b82c3498d09e36371d9ce03286c94855_d2.jpg,1600000
142,https://www.estate.am/en/3-rooms-apartment-sale-in-downtown-yerevan-d111073,3,82,,3.0,,2,stone,apartment,40.186078384748,44.507410154769,"['Persistent water', 'Electricity', 'Natural gas']",[],https://pic.estate.am/image/d3/34/d3346c46d9bab73a7ea5eb3ed66b820f_d2.jpg,170000
143,https://www.estate.am/en/house-for-sale-in-erebouni-yerevan-d89624,4,250,415,,3.0,3,stone,house,40.164932912772,44.523338463969,"['Persistent water', 'Electricity', 'Natural gas', 'Internet']",['Playground'],https://pic.estate.am/image/b7/c2/b7c23080f2a2fff74de6e2cc1dee8187_d2.jpg,120000
144,https://www.estate.am/en/2-rooms-apartment-sale-in-kanaker-zeytun-yerevan-d110551,2,59,,13.0,,1,wall building,apartment,40.200378996872,44.546672698667,"['Persistent water', 'Electricity', 'Natural gas', 'Internet', 'Cable TV']",['Elevator'],https://pic.estate.am/image/fa/a1/faa1b96fc2953f992666f9406dbd40f4_d2.jpg,53000
145,https://www.estate.am/en/house-for-sale-in-dilijan-d106882,4,710,290,,2.0,3,concrete,house,40.741386307469,44.872227119049,"['Persistent water', 'Electricity', 'Natural gas']",[],https://pic.estate.am/image/9f/00/9f00571b68cab1268f62da47d9cdb27e_d2.jpg,230000
146,https://www.estate.am/en/house-for-sale-in-shengavit-yerevan-d93853,8,660,420,,4.0,4,concrete,house,40.115230270224,44.46820769492,"['Persistent water', 'Electricity', 'Natural gas']",[],https://pic.estate.am/image/a6/df/a6df2217115fe65f41097d5f54a335ef_d2.jpg,350000
147,https://www.estate.am/en/3-rooms-apartment-sale-in-erebouni-yerevan-d111290,3,75,,5.0,,1,concrete,apartment,40.126498707885,44.525834373016,"['Persistent water', 'Electricity', 'Natural gas']","['Elevator', 'Playground']",https://pic.estate.am/image/4a/8b/4a8bd3d468953f9cd89ec61d66cc6ded_d2.jpg,62000
148,https://www.estate.am/en/2-rooms-apartment-sale-in-downtown-yerevan-d111144,2,76,,4.0,,1,stone,apartment,40.18737754,44.51236443,"['Persistent water', 'Electricity', 'Natural gas']",[],https://pic.estate.am/image/1a/d9/1ad972be090c47b7336604ff210a5bb8_d2.jpg,160000
149,https://www.estate.am/en/4-rooms-apartment-sale-in-davtashen-yerevan-d110810,4,210,,13.0,,4,concrete,apartment,40.21541400023,44.487313305555,"['Persistent water', 'Electricity', 'Natural gas']","['Elevator', 'Playground']",https://pic.estate.am/image/eb/36/eb3687a7291f8e8cc56021825f81f491_d2.jpg,370000
150,https://www.estate.am/en/2-rooms-apartment-sale-in-downtown-yerevan-d90192,2,87,,18.0,,1,concrete,apartment,40.17543057,44.5202394,"['Persistent water', 'Electricity', 'Natural gas', 'Internet', 'Cable TV']",['Elevator'],https://pic.estate.am/image/4e/33/4e339e24a9d065fc5fe9018b023df4b6_d2.jpg,259000
151,https://www.estate.am/en/1-rooms-apartment-sale-in-downtown-yerevan-d110426,1,39,,3.0,,1,stone,apartment,40.189251128981,44.507102567531,"['Persistent water', 'Electricity', 'Natural gas']","['Intercom', 'Playground']",https://pic.estate.am/image/58/8c/588c2b171c8b8fc42cfc2a0d0160bcd2.jpg,71000
152,https://www.estate.am/en/3-rooms-apartment-sale-in-center-yerevan-d110956,3,121,,6.0,,2,concrete,apartment,40.190752052263,44.516331813492,"['Persistent water', 'Electricity', 'Natural gas']",['Elevator'],https://pic.estate.am/image/cf/c0/cfc085e507a5fdca8645ad5173282389_d2.jpg,320000
153,https://www.estate.am/en/3-rooms-apartment-sale-in-shengavit-yerevan-d103723,3,96,,4.0,,1,stone,apartment,40.151896580586,44.496869982802,"['Persistent water', 'Electricity', 'Natural gas']",[],https://pic.estate.am/image/a2/ff/a2ffb679c9a4adcc0c4d537a4e362dbc_d2.jpg,69000
154,https://www.estate.am/en/3-rooms-apartment-sale-in-arabkir-yerevan-d83049,3,76,,10.0,,2,concrete,apartment,40.20893003,44.51395767,"['Persistent water', 'Electricity', 'Natural gas', 'Internet', 'Cable TV']","['Intercom', 'Elevator']",https://pic.estate.am/image/fc/71/fc71687c55fb1b21df587faa77f08b0b_d2.jpg,140000
155,https://www.estate.am/en/3-rooms-apartment-sale-in-downtown-yerevan-d111324,3,99,,3.0,,1,concrete,apartment,40.18087287692,44.504685576721,"['Persistent water', 'Electricity', 'Natural gas']",['Elevator'],https://pic.estate.am/image/2b/96/2b969c8c660ed7cb2e41b5a2616fb5b4_d2.jpg,250000
156,https://www.estate.am/en/3-rooms-apartment-sale-in-downtown-yerevan-d111053,3,102,,4.0,,2,stone,apartment,40.177500621782,44.518398041664,"['Persistent water', 'Electricity', 'Natural gas']",[],https://pic.estate.am/image/e2/36/e236702d11c5d5fa2f06dcf04257392a_d2.jpg,133000
157,https://www.estate.am/en/4-rooms-apartment-sale-in-nor-nork-yerevan-d110568,4,103,,3.0,,1,stone,apartment,40.200742134508,44.565072373016,"['Persistent water', 'Electricity', 'Natural gas']",[],https://pic.estate.am/image/0a/69/0a690225132cec5cd96fddb50ab1ff04_d2.jpg,118000
158,https://www.estate.am/en/3-rooms-apartment-sale-in-davtashen-yerevan-d109162,3,64,,14.0,,1,concrete,apartment,40.21428427089,44.49030985054,"['Persistent water', 'Electricity', 'Natural gas']","['Elevator', 'Playground']",https://pic.estate.am/image/b8/c0/b8c08fc802602a75d0921645b1f18083_d2.jpg,107000
159,https://www.estate.am/en/house-for-sale-in-avan-yerevan-d96659,3,300,129,,2.0,2,stone,house,40.2121193,44.56926213,"['Persistent water', 'Electricity', 'Natural gas']",[],https://pic.estate.am/image/82/49/8249508fd961e5454fb753163eca853a_d2.jpg,240000
160,https://www.estate.am/en/4-rooms-apartment-sale-in-downtown-yerevan-d83074,4,180,,4.0,,2,stone,apartment,40.188667580262,44.518887018712,"['Persistent water', 'Electricity', 'Natural gas', 'Internet', 'Cable TV']",['Intercom'],https://pic.estate.am/image/0f/c8/0fc82af6406e634c334eabc5dea5be0e_d2.jpg,380000
161,https://www.estate.am/en/2-rooms-apartment-sale-in-avan-yerevan-d109989,2,73,,11.0,,1,concrete,apartment,40.217268148033,44.548885202377,"['Persistent water', 'Electricity', 'Natural gas']","['Elevator', 'Playground']",https://pic.estate.am/image/ee/6f/ee6fb8f52a79f4442bba42651ca24a1e_d2.jpg,107000
162,https://www.estate.am/en/3-rooms-apartment-sale-in-downtown-yerevan-d80337,3,98,,5.0,,2,stone,apartment,40.179137,44.506447,"['Persistent water', 'Electricity', 'Natural gas', 'Internet']",['Intercom'],https://pic.estate.am/image/b3/f9/b3f9f88ccea4c64d3ad1faf1cd7dea6a_d2.jpg,165000
163,https://www.estate.am/en/2-rooms-apartment-sale-in-downtown-yerevan-d97840,2,46,,3.0,,1,concrete,apartment,40.179923435776,44.511440154703,"['Persistent water', 'Electricity', 'Internet', 'Cable TV']",['Elevator'],https://pic.estate.am/image/03/f5/03f537abe3ac5022a81985d7ec4b4de6_d2.jpg,195000
164,https://www.estate.am/en/2-rooms-apartment-sale-in-arabkir-yerevan-d108763,2,54,,11.0,,1,concrete,apartment,40.203857682477,44.516492510589,"['Persistent water', 'Electricity', 'Natural gas', 'Internet', 'Cable TV']",['Elevator'],https://pic.estate.am/image/96/47/9647ba634d9bac3dc708d4fa74c91fdf_d2.jpg,128000
165,https://www.estate.am/en/4-rooms-apartment-sale-in-downtown-yerevan-d101759,4,273,,5.0,,3,concrete,apartment,40.187977,44.521341,"['Persistent water', 'Electricity', 'Natural gas', 'Internet', 'Cable TV']","['Intercom', 'Elevator', 'Pool']",https://pic.estate.am/image/19/b2/19b2ec93cd14252ade6e5328f70d590e_d2.jpg,1400000
166,https://www.estate.am/en/3-rooms-apartment-sale-in-downtown-yerevan-d105583,3,85,,9.0,,2,wall building,apartment,40.180375496854,44.508779351837,"['Persistent water', 'Electricity', 'Natural gas']",['Elevator'],https://pic.estate.am/image/ba/8e/ba8e0e21d12aa8b53d9c824d72b717f0_d2.jpg,165000
167,https://www.estate.am/en/5-rooms-apartment-sale-in-downtown-yerevan-d103885,5,258,,6.0,,3,concrete,apartment,40.182307811052,44.515288916671,"['Persistent water', 'Electricity', 'Natural gas', 'Internet']","['Elevator', 'Intercom']",https://pic.estate.am/image/3d/93/3d930d3121e6181d9ebc761b4cfa095d_d2.jpg,799000
168,https://www.estate.am/en/3-rooms-apartment-sale-in-arabkir-yerevan-d109639,3,85,,5.0,,1,wall building,apartment,40.204289394309,44.503583653409,"['Persistent water', 'Electricity', 'Natural gas']","['Elevator', 'Playground']",https://pic.estate.am/image/07/e6/07e6cbe3422280b500f3cffb9564f2fd_d2.jpg,97000
169,https://www.estate.am/en/house-for-sale-in-arabkir-yerevan-d65744,6,450,430,,3.0,6,stone,house,40.20666448,44.49375527,"['Persistent water', 'Electricity', 'Natural gas', 'Internet', 'Cable TV', 'Cable TV']",['Pool'],https://pic.estate.am/image/3b/2a/3b2a324d0d66dddc68e1e8f7435d9a04_d2.jpg,570000
170,https://www.estate.am/en/6-rooms-apartment-sale-in-downtown-yerevan-d111234,6,272,,5.0,,4,concrete,apartment,40.176041145894,44.519431026487,"['Persistent water', 'Electricity', 'Natural gas']","['Elevator', 'Playground']",https://pic.estate.am/image/59/99/5999069ebfc6c38cfda190eb1ea7f3b9_d2.jpg,720000
171,https://www.estate.am/en/3-rooms-apartment-sale-in-arabkir-yerevan-d103966,3,86,,6.0,,1,stone,apartment,40.197422,44.492792,"['Persistent water', 'Electricity', 'Natural gas', 'Internet']","['Elevator', 'Intercom']",https://pic.estate.am/image/6c/dc/6cdc538c609d36829457cb1e8d973d2.jpg,135000
172,https://www.estate.am/en/3-rooms-apartment-sale-in-downtown-yerevan-d111414,3,110,,3.0,,2,stone,apartment,40.18202803786,44.518375347646,"['Persistent water', 'Electricity', 'Natural gas']",[],https://pic.estate.am/image/2a/fc/2afcb463e1a85392645cf3fb78a38d9f_d2.jpg,288000
173,https://www.estate.am/en/2-rooms-apartment-sale-in-davtashen-yerevan-d111212,2,52,,15.0,,1,concrete,apartment,40.227047317588,44.500751029164,"['Persistent water', 'Electricity', 'Natural gas']","['Elevator', 'Playground']",https://pic.estate.am/image/1a/c1/1ac1975023264a3a898c506aca10199f_d2.jpg,56000
174,https://www.estate.am/en/3-rooms-apartment-sale-in-downtown-yerevan-d110976,3,138,,13.0,,2,concrete,apartment,40.183554525363,44.508412511855,"['Persistent water', 'Electricity', 'Natural gas']","['Elevator', 'Playground']",https://pic.estate.am/image/2e/9e/2e9e91a9bf1d0d5bbe63069d026b6452_d2.jpg,505000
175,https://www.estate.am/en/3-rooms-apartment-sale-in-shengavit-yerevan-d107124,3,104,,11.0,,2,concrete,apartment,40.152044769353,44.486430825316,"['Persistent water', 'Electricity', 'Natural gas']",['Elevator'],https://pic.estate.am/image/02/db/02db16b3bb97fc742ab68148d2.jpg,150000
176,https://www.estate.am/en/3-rooms-apartment-sale-in-arabkir-yerevan-d110062,3,97,,7.0,,1,concrete,apartment,40.195049344411,44.50541215344,"['Persistent water', 'Electricity', 'Natural gas']",['Elevator'],https://pic.estate.am/image/e4/35/e4354a44fde1337108beaf33a977dffc_d2.jpg,180000
177,https://www.estate.am/en/3-rooms-apartment-sale-in-arabkir-yerevan-d111388,3,60,,5.0,,1,wall building,apartment,40.201419956636,44.506659539672,"['Persistent water', 'Electricity', 'Natural gas']","['Elevator', 'Intercom']",https://pic.estate.am/image/8e/31/8e31d2.jpg,86000
178,https://www.estate.am/en/house-for-sale-in-downtown-yerevan-d84000,6,345,360,,2.0,3,stone,house,40.19145091,44.50009065,"['Persistent water', 'Electricity', 'Natural gas']",['Pool'],https://pic.estate.am/image/f2/01/f201ab02ae5594e67cce3a49e6f91a81_d2.jpg,280000
179,https://www.estate.am/en/3-rooms-apartment-sale-in-downtown-yerevan-d109150,3,121,,8.0,,2,concrete,apartment,40.182114,44.514613,"['Persistent water', 'Electricity', 'Natural gas', 'Internet', 'Cable TV']","['Elevator', 'Intercom']",https://pic.estate.am/image/f5/ea/f5ead9055168d1e7e1bcb7b1af63ace7_d2.jpg,450000
180,https://www.estate.am/en/house-for-sale-in-nork-marash-yerevan-d108775,4,1100,600,,3.0,5,concrete,house,40.185413430342,44.530379423279,"['Persistent water', 'Electricity', 'Natural gas']",[],https://pic.estate.am/image/76/ec/76ec0fc3af6832c3e4a093fe8bd716f2_d2.jpg,800000
181,https://www.estate.am/en/1-rooms-apartment-sale-in-center-yerevan-d104368,1,40,,6.0,,1,wall building,apartment,40.170779,44.518933,"['Persistent water', 'Electricity', 'Natural gas']",['Elevator'],https://pic.estate.am/image/b4/0b/b40b2ec2172a4da7fb7dd2.jpg,69000
182,https://www.estate.am/en/3-rooms-apartment-sale-in-arabkir-yerevan-d110741,3,70,,7.0,,1,wall building,apartment,40.204503272773,44.501593454322,"['Persistent water', 'Electricity', 'Natural gas']",['Elevator'],https://pic.estate.am/image/c4/bc/c4bc7de8df3b69416b6050901e680382_d2.jpg,89000
183,https://www.estate.am/en/3-rooms-apartment-sale-in-arabkir-yerevan-d110236,3,132,,9.0,,2,stone,apartment,40.192717998174,44.507301277796,"['Persistent water', 'Electricity', 'Natural gas']",['Elevator'],https://pic.estate.am/image/1c/b8/1cb8114827787b25b4952fb54c788fe4_d2.jpg,190000
184,https://www.estate.am/en/4-rooms-apartment-sale-in-center-yerevan-d108467,4,145,,1.0,,2,concrete,apartment,40.19685,44.508666,"['Persistent water', 'Electricity', 'Natural gas']","['Intercom', 'Elevator']",https://pic.estate.am/image/eb/ee/ebee6c6dbc47eb7595534949111e0849_d2.jpg,325000
185,https://www.estate.am/en/3-rooms-apartment-sale-in-arabkir-yerevan-d109206,3,135,,6.0,,2,concrete,apartment,40.204146648298,44.507970963012,"['Persistent water', 'Electricity', 'Natural gas', 'Internet', 'Cable TV']",['Elevator'],https://pic.estate.am/image/ad/9e/ad9ee32ef2b62cd64b68f88c85c4cb57_d2.jpg,170000
186,https://www.estate.am/en/3-rooms-apartment-sale-in-downtown-yerevan-d107963,3,99,,16.0,,2,concrete,apartment,40.181449567324,44.509600378166,"['Persistent water', 'Electricity']",['Elevator'],https://pic.estate.am/image/4a/37/4a376a4aa32b1f172e4cf87efe3e0ff8_d2.jpg,263000
187,https://www.estate.am/en/3-rooms-apartment-sale-in-downtown-yerevan-d111513,3,172,,12.0,,2,concrete,apartment,40.176223336275,44.519404572738,"['Persistent water', 'Electricity', 'Natural gas']",['Elevator'],https://pic.estate.am/image/d4/46/d4465c548f8af02e666da3c039d88a28_d2.jpg,475000
188,https://www.estate.am/en/2-rooms-apartment-sale-in-arabkir-yerevan-d106857,2,48,,4.0,,1,stone,apartment,40.205426,44.502342,"['Persistent water', 'Electricity', 'Natural gas', 'Internet', 'Cable TV']",['Intercom'],https://pic.estate.am/image/58/7a/587af08b09cbf53ff7d351e14598ddaa_d2.jpg,65000
189,https://www.estate.am/en/4-rooms-apartment-sale-in-downtown-yerevan-d111512,4,141,,3.0,,2,concrete,apartment,40.184483434727,44.507293132263,"['Persistent water', 'Electricity']","['Elevator', 'Playground']",https://pic.estate.am/image/3e/eb/3eebd99df9faa56a416666409948651f_d2.jpg,520000
190,https://www.estate.am/en/3-rooms-apartment-sale-in-erebouni-yerevan-d105784,3,85,,2.0,,1,stone,apartment,40.159884258756,44.512154457672,"['Persistent water', 'Electricity', 'Natural gas']",[],https://pic.estate.am/image/7e/50/7e50a1340b9ed6b952d2.jpg,100000
191,https://www.estate.am/en/2-rooms-apartment-sale-in-downtown-yerevan-d102227,2,55,,7.0,,1,concrete,apartment,40.185428,44.512528,"['Persistent water', 'Electricity', 'Natural gas']",['Elevator'],https://pic.estate.am/image/bd/91/bd9170489d7b640e20aeb30dbb571dfc_d2.jpg,155000
192,https://www.estate.am/en/5-rooms-apartment-sale-in-downtown-yerevan-d104733,5,360,,11.0,,5,concrete,apartment,40.18036998796,44.51099516204,"['Persistent water', 'Electricity', 'Natural gas', 'Internet', 'Cable TV']",[],https://pic.estate.am/image/68/a6/68a6af2bf8a2e47efc3a9e4d16afd157_d2.jpg,1250000
193,https://www.estate.am/en/house-for-sale-in-edjmiatsin-d94610,2,900,72,,1.0,2,concrete,house,40.171257314143,44.323038082896,"['Persistent water', 'Electricity', 'Natural gas']",[],https://pic.estate.am/image/6c/2b/6c2be7ff5c700d2.jpg,36000
194,https://www.estate.am/en/3-rooms-apartment-sale-in-center-yerevan-d108462,3,125,,4.0,,2,concrete,apartment,40.194412967369,44.514428970915,"['Persistent water', 'Electricity']",['Elevator'],https://pic.estate.am/image/57/9d/579d38b4d1a37c991e0c0024dd89269f_d2.jpg,200000
195,https://www.estate.am/en/3-rooms-apartment-sale-in-downtown-yerevan-d110099,3,89,,3.0,,1,stone,apartment,40.186116554075,44.513276888914,"['Persistent water', 'Electricity', 'Natural gas']",[],https://pic.estate.am/image/d5/2c/d52c71366651efee51f3e5b201eacedb_d2.jpg,180000
196,https://www.estate.am/en/2-rooms-apartment-sale-in-downtown-yerevan-d96959,2,47,,8.0,,1,concrete,apartment,40.17989504878,44.511375690009,"['Persistent water', 'Electricity', 'Natural gas']",['Elevator'],https://pic.estate.am/image/94/87/9487013df1de8a656d01a2f1ae7086b6_d2.jpg,190000
197,https://www.estate.am/en/3-rooms-apartment-sale-in-arabkir-yerevan-d110437,3,77,,1.0,,2,stone,apartment,40.20547535784,44.502325906746,"['Persistent water', 'Electricity', 'Natural gas']",[],https://pic.estate.am/image/cb/bb/cbbbf7994e722cd87a7b118b6aaba760_d2.jpg,80000
198,https://www.estate.am/en/4-rooms-apartment-sale-in-center-yerevan-d109702,4,120,,4.0,,3,concrete,apartment,40.196211227617,44.510648559524,[],['Elevator'],https://pic.estate.am/image/1d/18/1d182fa516b42bd6fd61562ad2.jpg,236000
199,https://www.estate.am/en/3-rooms-apartment-sale-in-downtown-yerevan-d102389,3,100,,2.0,,2,stone,apartment,40.185870000757,44.517750981475,"['Persistent water', 'Electricity', 'Natural gas', 'Internet', 'Cable TV']",[],https://pic.estate.am/image/65/9b/659bbab5a29230a6a2d7043f860eadc1_d2.jpg,250000
200,https://www.estate.am/en/3-rooms-apartment-sale-in-arabkir-yerevan-d42339,3,109,,10.0,,2,concrete,apartment,40.203909758636,44.516680598281,"['Persistent water', 'Natural gas']",['Elevator'],https://pic.estate.am/image/55/05/55050968af94b5b89d0b98904181989d_d2.jpg,185000
201,https://www.estate.am/en/2-rooms-apartment-sale-in-nor-nork-yerevan-d111371,2,55,,5.0,,1,wall building,apartment,40.200583537432,44.564465018524,"['Persistent water', 'Electricity', 'Natural gas']",[],https://pic.estate.am/image/15/9d/159d9c9de3838b6bfdd41ba5ad99e209_d2.jpg,45000
202,https://www.estate.am/en/2-rooms-apartment-sale-in-downtown-yerevan-d107492,2,52,,9.0,,1,concrete,apartment,40.179957,44.511424,"['Persistent water', 'Electricity', 'Natural gas', 'Internet', 'Cable TV']",['Elevator'],https://pic.estate.am/image/c0/cf/c0cfb6bd2.jpg,200000
203,https://www.estate.am/en/5-rooms-apartment-sale-in-downtown-yerevan-d111457,5,272,,5.0,,4,concrete,apartment,40.184211886664,44.507561353164,"['Persistent water', 'Electricity', 'Natural gas']",['Elevator'],https://pic.estate.am/image/f7/fb/f7fbe14b7e8f8aec04160a78311d9e40_d2.jpg,720000
204,https://www.estate.am/en/3-rooms-apartment-sale-in-downtown-yerevan-d103192,3,100,,10.0,,2,concrete,apartment,40.182024,44.521,"['Persistent water', 'Electricity', 'Natural gas']","['Elevator', 'Intercom']",https://pic.estate.am/image/2c/bf/2cbf0f39ef914de527ee5c0274d99a0b_d2.jpg,255000
205,https://www.estate.am/en/3-rooms-apartment-sale-in-downtown-yerevan-d107658,3,170,,8.0,,2,concrete,apartment,40.184395,44.508854,"['Persistent water', 'Electricity', 'Natural gas', 'Internet']",['Elevator'],https://pic.estate.am/image/4a/ca/4aca7c8b18db9a29934c6c3aba587420_d2.jpg,380000
206,https://www.estate.am/en/house-for-sale-in-malatia-sebastia-yerevan-d100900,3,1200,600,,3.0,4,concrete,house,40.182437881539,44.467719773626,"['Persistent water', 'Electricity', 'Natural gas']",[],https://pic.estate.am/image/60/c1/60c1f792b582ad2.jpg,475000
207,https://www.estate.am/en/3-rooms-apartment-sale-in-downtown-yerevan-d96997,3,64,,4.0,,2,stone,apartment,40.183316940148,44.51135432867,"['Persistent water', 'Electricity', 'Natural gas', 'Internet', 'Cable TV']",['Intercom'],https://pic.estate.am/image/39/27/3927fb61bd30d0b4efd57d7441f19725_d2.jpg,153000
208,https://www.estate.am/en/3-rooms-apartment-sale-in-center-yerevan-d111392,3,85,,1.0,,2,wall building,apartment,40.169832712058,44.520005507934,"['Persistent water', 'Electricity', 'Natural gas']",['Elevator'],https://pic.estate.am/image/a0/6f/a06f10887981f1eb7de1fba1f8ff3c24_d2.jpg,85000
209,https://www.estate.am/en/3-rooms-apartment-sale-in-downtown-yerevan-d111337,3,88,,3.0,,2,stone,apartment,40.189807583429,44.5159561882,"['Persistent water', 'Electricity', 'Natural gas', 'Internet', 'Cable TV']",['Intercom'],https://pic.estate.am/image/8f/a2/8fa2ee7a09abe57b85a5497038e74b72_d2.jpg,310000
210,https://www.estate.am/en/3-rooms-apartment-sale-in-downtown-yerevan-d96695,3,95,,4.0,,1,stone,apartment,40.183774576848,44.51059103765,"['Persistent water', 'Electricity', 'Natural gas']",[],https://pic.estate.am/image/73/20/732049f01cad19690e9999dfe665518b_d2.jpg,210000
211,https://www.estate.am/en/4-rooms-apartment-sale-in-kanaker-zeytun-yerevan-d111072,4,94,,2.0,,2,stone,apartment,40.226656478448,44.54818682815,"['Persistent water', 'Electricity', 'Natural gas']",[],https://pic.estate.am/image/09/4e/094e18436516c9b483eb71fe03fa8c7d_d2.jpg,63000
212,https://www.estate.am/en/4-rooms-apartment-sale-in-center-yerevan-d111523,4,100,,6.0,,2,wall building,apartment,40.16940415575,44.514258710309,"['Persistent water', 'Electricity', 'Natural gas']",['Elevator'],https://pic.estate.am/image/4c/9e/4c9ea5c299d99eee66656a38c8d14517_d2.jpg,105000
213,https://www.estate.am/en/2-rooms-apartment-sale-in-downtown-yerevan-d103100,2,44,,10.0,,1,concrete,apartment,40.178207,44.514415,[],['Elevator'],https://pic.estate.am/image/9c/46/9c46db2306d7e6b00a5cdf378eeb233e_d2.jpg,128000
214,https://www.estate.am/en/house-for-sale-in-avan-yerevan-d104920,4,400,240,,3.0,3,concrete,house,40.226755247939,44.579617272491,"['Persistent water', 'Electricity', 'Natural gas']",[],https://pic.estate.am/image/87/41/8741f71ca6e90a504863d716837695d0_d2.jpg,270000
215,https://www.estate.am/en/3-rooms-apartment-sale-in-nor-nork-yerevan-d111153,3,116,,4.0,,2,concrete,apartment,40.202465757756,44.561166174621,"['Persistent water', 'Electricity', 'Natural gas']",['Elevator'],https://pic.estate.am/image/3f/f0/3ff08d373038962fb43369005200e860_d2.jpg,135000
216,https://www.estate.am/en/4-rooms-apartment-sale-in-erebouni-yerevan-d110040,4,97,,1.0,,2,concrete,apartment,40.15062894122,44.524909182525,"['Persistent water', 'Electricity', 'Natural gas']",[],https://pic.estate.am/image/71/9b/719b82781e98b7035dcae5d7104a8ee3_d2.jpg,100000
217,https://www.estate.am/en/house-for-sale-in-ajapnyak-yerevan-d110453,3,550,109,,2.0,2,stone,house,40.189548,44.457435,"['Persistent water', 'Electricity', 'Natural gas']",[],https://pic.estate.am/image/63/c6/63c6407c076753925d6a9fc83a9cb8ac_d2.jpg,300000
218,https://www.estate.am/en/3-rooms-apartment-sale-in-nor-nork-yerevan-d107620,3,90,,7.0,,1,concrete,apartment,40.20637,44.56411,"['Persistent water', 'Electricity', 'Natural gas', 'Internet', 'Cable TV']",['Elevator'],https://pic.estate.am/image/32/9d/329d0037abae661742546514cad03ccd_d2.jpg,83000
219,https://www.estate.am/en/1-rooms-apartment-sale-in-downtown-yerevan-d110331,1,42,,9.0,,1,wall building,apartment,40.180256538543,44.508217451032,"['Persistent water', 'Electricity', 'Natural gas']","['Intercom', 'Elevator', 'Playground']",https://pic.estate.am/image/d0/04/d004da63bd0b499135d0b649de8aa89d_d2.jpg,88500
